Workbook

Sheet 원본데이터
A1: 날짜 | B1: 플랫폼 | C1: 별점 | D1: 리뷰 | E1: 테마 | F1: 요일 | G1: 구분(평일/주말·공휴일)
A2: 46145 | B2: 네이버 | C2: 5 | D2: 라떼가 진하고 부드러워요 | E2: 맛 | F2: =CHOOSE(WEEKDAY(A2),"일","월","화","수","목","금","토") | G2: =IF(OR(WEEKDAY(A2,2)>=6,A2=DATE(2026,5,5)),"주말·공휴일","평일")
A3: 46147 | B3: 카카오맵 | C3: 4 | D3: 분위기 좋고 사진맛집 | E3: 분위기 | F3: =CHOOSE(WEEKDAY(A3),"일","월","화","수","목","금","토") | G3: =IF(OR(WEEKDAY(A3,2)>=6,A3=DATE(2026,5,5)),"주말·공휴일","평일")
A4: 46148 | B4: 인스타 | C4: 5 | D4: 디저트 케이크 촉촉하니 맛있음 | E4: 디저트 | F4: =CHOOSE(WEEKDAY(A4),"일","월","화","수","목","금","토") | G4: =IF(OR(WEEKDAY(A4,2)>=6,A4=DATE(2026,5,5)),"주말·공휴일","평일")
A5: 46150 | B5: 네이버 | C5: 2 | D5: 주말엔 너무 오래 기다려요 | E5: 대기시간 | F5: =CHOOSE(WEEKDAY(A5),"일","월","화","수","목","금","토") | G5: =IF(OR(WEEKDAY(A5,2)>=6,A5=DATE(2026,5,5)),"주말·공휴일","평일")
A6: 46151 | B6: 카카오맵 | C6: 3 | D6: 맛은 좋은데 가격이 좀 있어요 | E6: 가격 | F6: =CHOOSE(WEEKDAY(A6),"일","월","화","수","목","금","토") | G6: =IF(OR(WEEKDAY(A6,2)>=6,A6=DATE(2026,5,5)),"주말·공휴일","평일")
A7: 46153 | B7: 네이버 | C7: 5 | D7: 사장님이 친절하세요 | E7: 친절 | F7: =CHOOSE(WEEKDAY(A7),"일","월","화","수","목","금","토") | G7: =IF(OR(WEEKDAY(A7,2)>=6,A7=DATE(2026,5,5)),"주말·공휴일","평일")
A8: 46154 | B8: 인스타 | C8: 4 | D8: 인테리어 감성 최고 | E8: 분위기 | F8: =CHOOSE(WEEKDAY(A8),"일","월","화","수","목","금","토") | G8: =IF(OR(WEEKDAY(A8,2)>=6,A8=DATE(2026,5,5)),"주말·공휴일","평일")
A9: 46156 | B9: 카카오맵 | C9: 1 | D9: 주문 밀려서 30분 기다림 별로 | E9: 대기시간 | F9: =CHOOSE(WEEKDAY(A9),"일","월","화","수","목","금","토") | G9: =IF(OR(WEEKDAY(A9,2)>=6,A9=DATE(2026,5,5)),"주말·공휴일","평일")
A10: 46157 | B10: 네이버 | C10: 5 | D10: 원두 사다 먹는데 신선해요 | E10: 맛 | F10: =CHOOSE(WEEKDAY(A10),"일","월","화","수","목","금","토") | G10: =IF(OR(WEEKDAY(A10,2)>=6,A10=DATE(2026,5,5)),"주말·공휴일","평일")
A11: 46158 | B11: 네이버 | C11: 4 | D11: 쿠키 종류 다양해서 좋음 | E11: 디저트 | F11: =CHOOSE(WEEKDAY(A11),"일","월","화","수","목","금","토") | G11: =IF(OR(WEEKDAY(A11,2)>=6,A11=DATE(2026,5,5)),"주말·공휴일","평일")
A12: 46160 | B12: 카카오맵 | C12: 2 | D12: 가격 대비 양이 적어요 | E12: 가격 | F12: =CHOOSE(WEEKDAY(A12),"일","월","화","수","목","금","토") | G12: =IF(OR(WEEKDAY(A12,2)>=6,A12=DATE(2026,5,5)),"주말·공휴일","평일")
A13: 46161 | B13: 인스타 | C13: 5 | D13: 말차라떼 강추 | E13: 맛 | F13: =CHOOSE(WEEKDAY(A13),"일","월","화","수","목","금","토") | G13: =IF(OR(WEEKDAY(A13,2)>=6,A13=DATE(2026,5,5)),"주말·공휴일","평일")
... A21: 46172 | B21: 인스타 | C21: 5 | D21: 분위기랑 사진 다 만족 | E21: 분위기 | F21: =CHOOSE(WEEKDAY(A21),"일","월","화","수","목","금","토") | G21: =IF(OR(WEEKDAY(A21,2)>=6,A21=DATE(2026,5,5)),"주말·공휴일","평일")
A23: ※ '구분' 열은 토·일 + 2026-05-05(어린이날) 공휴일만 반영한 참고용 분류입니다 (WEEKDAY 함수, 이 CSV 기간 내 다른 공휴일 없음).

Sheet 별점분포
A1: 별점 | B1: 건수 | C1: 비율
A2: 1 | B2: =COUNTIF(원본데이터!$C$2:$C$21,A2) | C2: =IFERROR(B2/SUM($B$2:$B$6),0)
A3: 2 | B3: =COUNTIF(원본데이터!$C$2:$C$21,A3) | C3: =IFERROR(B3/SUM($B$2:$B$6),0)
A4: 3 | B4: =COUNTIF(원본데이터!$C$2:$C$21,A4) | C4: =IFERROR(B4/SUM($B$2:$B$6),0)
A5: 4 | B5: =COUNTIF(원본데이터!$C$2:$C$21,A5) | C5: =IFERROR(B5/SUM($B$2:$B$6),0)
A6: 5 | B6: =COUNTIF(원본데이터!$C$2:$C$21,A6) | C6: =IFERROR(B6/SUM($B$2:$B$6),0)
A7: 합계 | B7: =SUM(B2:B6) | C7: =SUM(C2:C6)

Sheet 테마별피벗
A1: 테마 | B1: 건수 | C1: 평균별점
A2: 맛 | B2: =COUNTIF(원본데이터!$E$2:$E$21,A2) | C2: =IFERROR(AVERAGEIF(원본데이터!$E$2:$E$21,A2,원본데이터!$C$2:$C$21),0)
A3: 분위기 | B3: =COUNTIF(원본데이터!$E$2:$E$21,A3) | C3: =IFERROR(AVERAGEIF(원본데이터!$E$2:$E$21,A3,원본데이터!$C$2:$C$21),0)
A4: 디저트 | B4: =COUNTIF(원본데이터!$E$2:$E$21,A4) | C4: =IFERROR(AVERAGEIF(원본데이터!$E$2:$E$21,A4,원본데이터!$C$2:$C$21),0)
A5: 대기시간 | B5: =COUNTIF(원본데이터!$E$2:$E$21,A5) | C5: =IFERROR(AVERAGEIF(원본데이터!$E$2:$E$21,A5,원본데이터!$C$2:$C$21),0)
A6: 가격 | B6: =COUNTIF(원본데이터!$E$2:$E$21,A6) | C6: =IFERROR(AVERAGEIF(원본데이터!$E$2:$E$21,A6,원본데이터!$C$2:$C$21),0)
A7: 친절 | B7: =COUNTIF(원본데이터!$E$2:$E$21,A7) | C7: =IFERROR(AVERAGEIF(원본데이터!$E$2:$E$21,A7,원본데이터!$C$2:$C$21),0)
A8: 청결 | B8: =COUNTIF(원본데이터!$E$2:$E$21,A8) | C8: =IFERROR(AVERAGEIF(원본데이터!$E$2:$E$21,A8,원본데이터!$C$2:$C$21),0)
A9: 합계(건수) | B9: =SUM(B2:B8)
A10: 전체 평균 별점 | C10: =AVERAGE(원본데이터!$C$2:$C$21)
A12: 테마 × 별점 교차표 (건수)
A13: 테마\별점 | B13: 1 | C13: 2 | D13: 3 | E13: 4 | F13: 5 | G13: 합계
A14: 맛 | B14: =COUNTIFS(원본데이터!$E$2:$E$21,$A14,원본데이터!$C$2:$C$21,B$13) | C14: =COUNTIFS(원본데이터!$E$2:$E$21,$A14,원본데이터!$C$2:$C$21,C$13) | D14: =COUNTIFS(원본데이터!$E$2:$E$21,$A14,원본데이터!$C$2:$C$21,D$13) | E14: =COUNTIFS(원본데이터!$E$2:$E$21,$A14,원본데이터!$C$2:$C$21,E$13) | F14: =COUNTIFS(원본데이터!$E$2:$E$21,$A14,원본데이터!$C$2:$C$21,F$13) | G14: =SUM(B14:F14)
A15: 분위기 | B15: =COUNTIFS(원본데이터!$E$2:$E$21,$A15,원본데이터!$C$2:$C$21,B$13) | C15: =COUNTIFS(원본데이터!$E$2:$E$21,$A15,원본데이터!$C$2:$C$21,C$13) | D15: =COUNTIFS(원본데이터!$E$2:$E$21,$A15,원본데이터!$C$2:$C$21,D$13) | E15: =COUNTIFS(원본데이터!$E$2:$E$21,$A15,원본데이터!$C$2:$C$21,E$13) | F15: =COUNTIFS(원본데이터!$E$2:$E$21,$A15,원본데이터!$C$2:$C$21,F$13) | G15: =SUM(B15:F15)
A16: 디저트 | B16: =COUNTIFS(원본데이터!$E$2:$E$21,$A16,원본데이터!$C$2:$C$21,B$13) | C16: =COUNTIFS(원본데이터!$E$2:$E$21,$A16,원본데이터!$C$2:$C$21,C$13) | D16: =COUNTIFS(원본데이터!$E$2:$E$21,$A16,원본데이터!$C$2:$C$21,D$13) | E16: =COUNTIFS(원본데이터!$E$2:$E$21,$A16,원본데이터!$C$2:$C$21,E$13) | F16: =COUNTIFS(원본데이터!$E$2:$E$21,$A16,원본데이터!$C$2:$C$21,F$13) | G16: =SUM(B16:F16)
A17: 대기시간 | B17: =COUNTIFS(원본데이터!$E$2:$E$21,$A17,원본데이터!$C$2:$C$21,B$13) | C17: =COUNTIFS(원본데이터!$E$2:$E$21,$A17,원본데이터!$C$2:$C$21,C$13) | D17: =COUNTIFS(원본데이터!$E$2:$E$21,$A17,원본데이터!$C$2:$C$21,D$13) | E17: =COUNTIFS(원본데이터!$E$2:$E$21,$A17,원본데이터!$C$2:$C$21,E$13) | F17: =COUNTIFS(원본데이터!$E$2:$E$21,$A17,원본데이터!$C$2:$C$21,F$13) | G17: =SUM(B17:F17)
A18: 가격 | B18: =COUNTIFS(원본데이터!$E$2:$E$21,$A18,원본데이터!$C$2:$C$21,B$13) | C18: =COUNTIFS(원본데이터!$E$2:$E$21,$A18,원본데이터!$C$2:$C$21,C$13) | D18: =COUNTIFS(원본데이터!$E$2:$E$21,$A18,원본데이터!$C$2:$C$21,D$13) | E18: =COUNTIFS(원본데이터!$E$2:$E$21,$A18,원본데이터!$C$2:$C$21,E$13) | F18: =COUNTIFS(원본데이터!$E$2:$E$21,$A18,원본데이터!$C$2:$C$21,F$13) | G18: =SUM(B18:F18)
A19: 친절 | B19: =COUNTIFS(원본데이터!$E$2:$E$21,$A19,원본데이터!$C$2:$C$21,B$13) | C19: =COUNTIFS(원본데이터!$E$2:$E$21,$A19,원본데이터!$C$2:$C$21,C$13) | D19: =COUNTIFS(원본데이터!$E$2:$E$21,$A19,원본데이터!$C$2:$C$21,D$13) | E19: =COUNTIFS(원본데이터!$E$2:$E$21,$A19,원본데이터!$C$2:$C$21,E$13) | F19: =COUNTIFS(원본데이터!$E$2:$E$21,$A19,원본데이터!$C$2:$C$21,F$13) | G19: =SUM(B19:F19)
A20: 청결 | B20: =COUNTIFS(원본데이터!$E$2:$E$21,$A20,원본데이터!$C$2:$C$21,B$13) | C20: =COUNTIFS(원본데이터!$E$2:$E$21,$A20,원본데이터!$C$2:$C$21,C$13) | D20: =COUNTIFS(원본데이터!$E$2:$E$21,$A20,원본데이터!$C$2:$C$21,D$13) | E20: =COUNTIFS(원본데이터!$E$2:$E$21,$A20,원본데이터!$C$2:$C$21,E$13) | F20: =COUNTIFS(원본데이터!$E$2:$E$21,$A20,원본데이터!$C$2:$C$21,F$13) | G20: =SUM(B20:F20)
A21: 합계 | B21: =SUM(B14:B20) | C21: =SUM(C14:C20) | D21: =SUM(D14:D20) | E21: =SUM(E14:E20) | F21: =SUM(F14:F20) | G21: =SUM(G14:G20)

Sheet 부정리뷰_Top3
A1: 테마별 부정 리뷰(별점 ≤ 2) 현황
A2: 테마 | B2: 전체건수 | C2: 부정건수(≤2점) | D2: 부정비율
A3: 맛 | B3: =COUNTIF(원본데이터!$E$2:$E$21,A3) | C3: =COUNTIFS(원본데이터!$E$2:$E$21,A3,원본데이터!$C$2:$C$21,"<=2") | D3: =IFERROR(C3/B3,0)
A4: 분위기 | B4: =COUNTIF(원본데이터!$E$2:$E$21,A4) | C4: =COUNTIFS(원본데이터!$E$2:$E$21,A4,원본데이터!$C$2:$C$21,"<=2") | D4: =IFERROR(C4/B4,0)
A5: 디저트 | B5: =COUNTIF(원본데이터!$E$2:$E$21,A5) | C5: =COUNTIFS(원본데이터!$E$2:$E$21,A5,원본데이터!$C$2:$C$21,"<=2") | D5: =IFERROR(C5/B5,0)
A6: 대기시간 | B6: =COUNTIF(원본데이터!$E$2:$E$21,A6) | C6: =COUNTIFS(원본데이터!$E$2:$E$21,A6,원본데이터!$C$2:$C$21,"<=2") | D6: =IFERROR(C6/B6,0)
A7: 가격 | B7: =COUNTIF(원본데이터!$E$2:$E$21,A7) | C7: =COUNTIFS(원본데이터!$E$2:$E$21,A7,원본데이터!$C$2:$C$21,"<=2") | D7: =IFERROR(C7/B7,0)
A8: 친절 | B8: =COUNTIF(원본데이터!$E$2:$E$21,A8) | C8: =COUNTIFS(원본데이터!$E$2:$E$21,A8,원본데이터!$C$2:$C$21,"<=2") | D8: =IFERROR(C8/B8,0)
A9: 청결 | B9: =COUNTIF(원본데이터!$E$2:$E$21,A9) | C9: =COUNTIFS(원본데이터!$E$2:$E$21,A9,원본데이터!$C$2:$C$21,"<=2") | D9: =IFERROR(C9/B9,0)
A11: Top 3 테마 (부정 리뷰 건수 기준)
A12: 순위 | B12: 테마 | C12: 부정건수
A13: 1 | B13: =INDEX($A$3:$A$9,MATCH(LARGE($C$3:$C$9,1),$C$3:$C$9,0)) | C13: =LARGE($C$3:$C$9,1)
A14: 2 | B14: =INDEX($A$3:$A$9,MATCH(LARGE($C$3:$C$9,2),$C$3:$C$9,0)) | C14: =LARGE($C$3:$C$9,2)
A15: 3 | B15: =INDEX($A$3:$A$9,MATCH(LARGE($C$3:$C$9,3),$C$3:$C$9,0)) | C15: =LARGE($C$3:$C$9,3)
A16: ⚠ 주의: 부정 리뷰(별점≤2)가 실제로 존재하는 테마는 '대기시간'(3건)·'가격'(1건) 단 2개뿐입니다. 나머지 5개 테마는 모두 0건으로 동률이라 3위 표시는 통계적 의미가 없습니다. 표본이 20건으로 작아 이 순위를 단정적 근거로 쓰지 마세요.
A20: 부정 리뷰(별점 ≤ 2) 원문 목록
A21: 테마 | B21: 날짜 | C21: 플랫폼 | D21: 별점 | E21: 리뷰 원문
A22: =원본데이터!E5 | B22: =원본데이터!A5 | C22: =원본데이터!B5 | D22: =원본데이터!C5 | E22: =원본데이터!D5
A23: =원본데이터!E9 | B23: =원본데이터!A9 | C23: =원본데이터!B9 | D23: =원본데이터!C9 | E23: =원본데이터!D9
A24: =원본데이터!E17 | B24: =원본데이터!A17 | C24: =원본데이터!B17 | D24: =원본데이터!C17 | E24: =원본데이터!D17
A25: =원본데이터!E12 | B25: =원본데이터!A12 | C25: =원본데이터!B12 | D25: =원본데이터!C12 | E25: =원본데이터!D12
A27: ※ 위 목록은 현재 데이터 기준 별점≤2 리뷰를 수동으로 골라 원본데이터 시트를 직접 참조(수식)한 것입니다. 위 집계표(건수·비율)는 데이터가 바뀌면 자동 갱신되지만, 이 원문 목록은 자동 필터링이 아니므로 데이터 변경 시 재확인이 필요합니다.

Sheet 요약_인사이트
A1: 딥로스트(Deep Roast) VoC 분석 요약 · 인사이트
A2: 분석 대상: cafe_reviews.csv 20건 (2026-05-03~2026-05-30 작성일 기준, 네이버·카카오맵·인스타 3채널)
A4: 핵심 지표 (CSV 20건, 수식 자동계산)
A5: 전체 리뷰 수 | B5: 전체 평균 별점 | C5: 5점 건수 | D5: 1점 건수 | E5: 부정비율(≤2점)
A6: =COUNT(원본데이터!C2:C21) | B6: =AVERAGE(원본데이터!C2:C21) | C6: =COUNTIF(원본데이터!C2:C21,5) | D6: =COUNTIF(원본데이터!C2:C21,1) | E6: =COUNTIF(원본데이터!C2:C21,"<=2")/COUNT(원본데이터!C2:C21)
A8: 플랫폼별 평균 별점
A9: 플랫폼 | B9: 건수 | C9: 평균별점
A10: 네이버 | B10: =COUNTIF(원본데이터!$B$2:$B$21,A10) | C10: =IFERROR(AVERAGEIF(원본데이터!$B$2:$B$21,A10,원본데이터!$C$2:$C$21),0)
A11: 카카오맵 | B11: =COUNTIF(원본데이터!$B$2:$B$21,A11) | C11: =IFERROR(AVERAGEIF(원본데이터!$B$2:$B$21,A11,원본데이터!$C$2:$C$21),0)
A12: 인스타 | B12: =COUNTIF(원본데이터!$B$2:$B$21,A12) | C12: =IFERROR(AVERAGEIF(원본데이터!$B$2:$B$21,A12,원본데이터!$C$2:$C$21),0)
A15: 운영 DB 참고 수치 (별개 데이터셋 — 출처: cafe-analyze.mjs 조회, 2026-07-10)
A16: 구분 | B16: 리뷰건수 | C16: 평균별점 | D16: 부정비율(≤2점)
A17: 2026-05 · 평일 | B17: 24 | C17: 4.42 | D17: 0.083
A18: 2026-05 · 주말·공휴일 | B18: 17 | C18: 3.06 | D18: 0.412
A19: 전체기간(4~6월) · 평일 | B19: 84 | C19: 4.17 | D19: 0.119
A20: 전체기간(4~6월) · 주말·공휴일 | B20: 40 | C20: 3.53 | D20: 0.25
A21: ※ 이 표는 cafe-analyze.mjs (읽기전용 CLI, cafe_reviews DB 테이블) 실행 결과를 옮긴 참고용 고정값입니다. 이 워크북의 원본데이터(CSV 20건)와는 별개의 데이터셋이며 자동 연동되지 않습니다.
A23: ① 진단 (한줄 결론)
A24: 20건 표본의 전체 평균 별점은 3.80점입니다. 부정 리뷰(별점≤2) 4건(전체의 20%)은 '대기시간'(3건)과 '가격'(1건) 단 두 테마에서만 나왔고, 나머지 5개 테마(맛·분위기·디저트·친절·청결)에는 부정 리뷰가 전혀 없습니다. 두 테마 모두 실제 운영 DB(4~6월 124건 기준 최다빈도 불만 1·2위)와 정확히 겹쳐, 표본은 작아도 신호 자체는 신뢰할 만합니다.
A26: ② 분석 — 컨셉 문서·운영 DB 대조
A27: 컨셉 문서(my_cafe.md)는 '평일 작업러 ↔ 주말 가족 손님의 좌석 충돌'을 이미 알고 있는 리스크로 명시하고, 주말엔 멤버십 지정석을 없애고 전 좌석을 가족에게 개방하는 것을 의도된 트레이드오프라 설명합니다. 실제 운영 DB를 보면 이 트레이드오프의 대가가 리뷰 점수에 뚜렷이 나타납니다 — 2026년 5월 한 달, 평일 리뷰는 24건 평균 4.42점(부정 8.3%)인 반면 주말·공휴일은 17건 평균 3.06점(부정 41.2%)으로 격차가 매우 큽니다. 같은 격차가 전체기간(평일 4.17점·부정11.9% vs 주말·공휴일 3.53점·부정25%)에서도 일관되게 나타나 일시적 현상이 아니라 구조적 패턴임을 보여줍니다. 이 CSV 20건에서도 같은 신호가 잡힙니다 — 부정 리뷰 4건 중 3건이 '대기시간' 테마(평균 1.67점, 7개 테마 중 최저)이고, 문구('주말엔 너무 오래 기다려요', '주문 밀려서 30분 기다림', '웨이팅 너무 길어요')는 DB에서 4~6월 통틀어 가장 빈번한 불만인 '주말에 노트북 하러 갔다가 자리가 없어 그냥 나왔습니다'(7건, 5월에만 5건, 항상 2.0점)와 주제가 일치합니다. 20건짜리 작은 표본이 124건짜리 실제 데이터의 1위 이슈를 그대로 잡아낸 셈입니다. 다만 짚어야 할 점이 있습니다 — CSV의 대기시간 부정 리뷰 3건이 작성된 요일(원본데이터 시트 WEEKDAY 수식 기준: 금·목·월)은 모두 평일이고, '주말엔'이라는 표현이 명시된 것은 1건뿐입니다. 리뷰 작성일이 실제 방문(대기)일과 같다는 보장이 없어 이 3건만으로 '평일에도 대기가 심하다'를 입증할 수는 없지만, 사장님이 1인 운영 체제이고 DB상 평일 피크(14시대 평균 13.4명, 특히 재택이 몰리는 월요일)도 결코 한산하지 않다는 점을 함께 고려하면, 대기 불만을 전부 '주말 가족 vs 평일 작업러' 구도로만 해석해 평일 피크타임 처리 속도 문제를 놓치는 것도 위험합니다. 가격 테마(3건, 평균 2.67점)는 '비싸다'는 불만(2건, 3점)보다 '가격 대비 양이 적다'는 불만(1건, 2점)이 최저점을 만들었습니다. 이 문구는 DB의 2위 불만('가격 대비 아메리카노 양이 적은 것 같아요', 4~6월 5건·5월 2건, 항상 2.0점)과 표현까지 거의 동일합니다. 즉 가격 자체보다 '양에 대한 인지'가 핵심이며, 가격 인하를 정당화하는 근거는 이 데이터에 없습니다. 반대로 DB의 3위 불만인 '스콘이 식어서 나왔다'(4~6월 4건, 5월 1건, 컨셉이 약속한 '갓 구운' 스콘의 실행 문제)는 이번 CSV 20건에는 전혀 나타나지 않습니다(디저트 테마 3건은 모두 4~5점). 이 리포트만 보면 디저트는 문제없어 보이지만, 'CSV에 없다 = 실제로 문제 없다'로 읽으면 안 됩니다. 긍정적으로는, 멤버 리뷰가 평균 4.65점으로 비멤버(3.85점)보다 뚜렷이 높고(전체기간 기준), 맛(4.75)·디저트(4.67)·청결(5.00)·친절(4.50) 테마는 모두 안정적으로 높아 상품력·서비스 자체는 강점으로 확인됩니다.
A29: ③ 조언 (우선순위순)
A30: 1) 주말 대기 경험 개선 — 근거: CSV 대기시간 테마 1.67점(전 테마 최저), DB 주말 부정비율 25~41%·최다빈도 불만 1위(7건). 컨셉상 주말 가족 손님을 줄이자는 게 아니라 대기 자체의 불쾌감을 낮추는 저비용 조치(대기 예상시간 안내, 착석 전 주문/선결제, 대기 중 아이 응대 등)를 우선 검토하세요. 기대효과: 주말 부정비율 완화, 사장님의 '가족 재방문' 목표에 직결. 리스크: 좌석 자체가 늘어나는 게 아니므로 근본 해결책은 아니며, 확장 같은 구조적 대안은 이 데이터만으로 판단 불가합니다. 2) 아메리카노 잔 용량/얼음량 고지 또는 조정 — 근거: CSV·DB 모두에서 '가격 대비 양이 적다'는 문구가 반복(DB 5건, 5월만 2건, 항상 2.0점). 원인이 명확하고 저비용으로 대응 가능합니다. 기대효과: 반복 발생하는 단일 불만 원인 제거. 리스크: 잔 교체나 증량은 원가에 영향을 줄 수 있어 실제 잔 용량·원가 재계산은 사장님 확인이 필요합니다(이 데이터엔 없음). 3) 가격 인하는 이 데이터로 정당화되지 않습니다 — 가격 테마 평균(2.67점)이 낮아 보이지만 저평점의 원인은 '비싸다'가 아니라 '양이 적다'는 인지 문제입니다. 가격을 낮추기보다 2)번 조치를 우선하세요. 4) 스콘 온도 이슈 재점검 — 이 리포트(CSV 20건)엔 안 잡혔지만 DB엔 4~6월 4건·평균 1.0점으로 반복 확인된 기존 이슈입니다. '갓 구운' 약속과 1인 운영 피크시간 굽기 타이밍을 다시 점검할 가치가 있습니다.
A32: ④ 데이터 한계
A33: · 20건은 통계적으로 매우 작은 표본입니다. 테마별로는 1~4건에 불과(청결 1건, 친절 2건 등)해 개별 평균은 참고용입니다. · 부정 리뷰가 존재하는 테마는 대기시간·가격 2개뿐이라 '부정 테마 Top3'라는 표현 자체가 나머지 5개 테마 0건 동률이라는 뜻입니다 — 3위는 통계적으로 의미가 없습니다. · 이 CSV(20건, 3채널, 5월)와 운영 DB(124건, 5채널, 4~6월)는 별개의 데이터셋입니다. 매장설문·구글 채널은 이 CSV에 아예 없어 완전히 같은 모집단이 아닐 수 있으므로 '정확히 일치'가 아니라 '같은 방향의 신호'로 해석해야 합니다. · 리뷰 작성일이 실제 방문일과 같다는 보장이 없습니다. 원본데이터 시트의 요일/구분 열은 참고용입니다.
